{"val/test_score_F1/hotpotqa":0.3888500918149948,"_wandb":{"runtime":4455},"val/test_score_EM/musique":0.09,"val/test_score_F1/popqa":0.34916937798261644,"_runtime":4455.632058168,"val/test_score_EM/hotpotqa":0.326,"val/test_score_EM/2wikimultihopqa":0.272,"val/test_score_F1/2wikimultihopqa":0.31455440226197245,"val/test_score_F1/nq":0.4047905405163765,"val/test_score_EM/popqa":0.564,"val/test_score_F1/musique":0.14813723328337072,"_timestamp":1.760522205716821e+09,"val/test_score_EM/triviaqa":0.524,"val/test_score_EM/nq":0.4,"val/test_score_F1/bamboogle":0.18865301460027695,"val/test_score_F1/triviaqa":0.5344812944382429,"_step":0,"val/test_score_EM/bamboogle":0.10576923076923077}