{"critic/advantages/min":0,"timing_s/step":84.42100006900728,"actor/entropy_loss":1.2388279795646668,"critic/advantages/max":0,"env/finish_ratio":0.07499999999999996,"timing_per_token_ms/update_actor":0.08231615239176361,"response_length/max":4096,"timing_per_token_ms/ref":0.010566359438868392,"critic/rewards/mean":0,"critic/returns/min":0,"response_length/mean":1998.25,"timing_s/ref":1.039000689983368,"env/ratio_of_valid_action":0.18749999999999997,"timing_per_token_ms/gen":0.7710489640183664,"response_length/turns":5.775,"env/number_of_valid_search":0.925,"actor/lr":5.208333333333333e-09,"state_tokens/total":31889,"global_seqlen/max":58568,"critic/returns/max":0,"actor/pg_clipfrac":0,"actor/kl_coef":0.001,"global_seqlen/minmax_diff":18805,"prompt_length/min":251,"prompt_length/mean":460.0249938964844,"timing_s/gen":61.629943693988025,"critic/score/min":0,"global_seqlen/balanced_min":49165,"_timestamp":1.7611894738202143e+09,"timing_s/update_actor":8.094229580834508,"critic/advantages/mean":0,"timing_per_token_ms/adv":0.0015624479869294082,"actor/grad_norm":0.008122207596898079,"_runtime":131.070625534,"state_tokens/coverage":0.39896160364151,"response_length/min":261,"prompt_length/clip_ratio":0,"env/number_of_actions/max":6,"response_length/clip_ratio":0.15000000596046448,"timing_s/adv":0.15363707300275564,"env/number_of_actions/mean":5.775,"prompt_length/max":741,"critic/score/max":0,"critic/rewards/min":0,"actor/ppo_kl":2.006262948270887e-05,"actor/kl_loss":0.0007075597532093525,"env/number_of_valid_action":1,"global_seqlen/mean":49165.5,"actor/pg_loss":0,"global_seqlen/balanced_max":49166,"mfu/actor":0,"critic/score/mean":0,"env/number_of_actions/min":2,"critic/rewards/max":0,"critic/returns/mean":0,"_step":1,"_wandb":{"runtime":131},"global_seqlen/min":39763}